"","Index","Sentiment","Mixed","Negative","Neutral","Positive"
"1",0,"POSITIVE",0.000634219497442245,9.59233657340519e-05,0.000308993097860366,0.998960852622986
"2",1,"POSITIVE",0.173514559864998,0.143826961517334,0.168083444237709,0.514575064182281
"3",2,"MIXED",0.840621650218964,0.00229557859711349,0.000691491644829512,0.156391322612762
"4",3,"POSITIVE",0.00011030763562303,3.04545465041883e-05,0.00422547431662679,0.995633661746979
"5",4,"POSITIVE",0.000692943984176964,4.1331113607157e-05,0.000441010692156851,0.998824775218964
